Env;Object Types;Num of Objects;Seed;Gamma;Episode #;Alpha;Epsilon;Cumulative Reward;Total Steps;Goal Reached
cafeWorld;1;1;100;0.900000;0;0.300000;0.990000;-269.22;499;False
cafeWorld;1;1;100;0.900000;1;0.300000;0.980100;-292.71;499;False
cafeWorld;1;1;100;0.900000;2;0.300000;0.970299;-259.81;499;False
cafeWorld;1;1;100;0.900000;3;0.300000;0.960596;-200.69;499;False
cafeWorld;1;1;100;0.900000;4;0.300000;0.950990;-227.49;499;False
cafeWorld;1;1;100;0.900000;5;0.300000;0.941480;-307.17;499;False
cafeWorld;1;1;100;0.900000;6;0.300000;0.932065;-224.83;499;False
cafeWorld;1;1;100;0.900000;7;0.300000;0.922745;-357.05;499;False
cafeWorld;1;1;100;0.900000;8;0.300000;0.913517;-299.51;499;False
cafeWorld;1;1;100;0.900000;9;0.300000;0.904382;-246.65;499;False
cafeWorld;1;1;100;0.900000;10;0.300000;0.895338;-218.27;499;False
cafeWorld;1;1;100;0.900000;11;0.300000;0.886385;-167.62;499;False
cafeWorld;1;1;100;0.900000;12;0.300000;0.877521;-217.64;499;False
cafeWorld;1;1;100;0.900000;13;0.300000;0.868746;-212.48;499;False
cafeWorld;1;1;100;0.900000;14;0.300000;0.860058;-193.48;499;False
cafeWorld;1;1;100;0.900000;15;0.300000;0.851458;-256.63;499;False
cafeWorld;1;1;100;0.900000;16;0.300000;0.842943;-297.08;499;False
cafeWorld;1;1;100;0.900000;17;0.300000;0.834514;-166.82;499;False
cafeWorld;1;1;100;0.900000;18;0.300000;0.826169;-349.01;499;False
cafeWorld;1;1;100;0.900000;19;0.300000;0.817907;-232.46;499;False
cafeWorld;1;1;100;0.900000;20;0.300000;0.809728;-245.11;499;False
cafeWorld;1;1;100;0.900000;21;0.300000;0.801631;-189.34;499;False
cafeWorld;1;1;100;0.900000;22;0.300000;0.793614;-253.99;499;False
cafeWorld;1;1;100;0.900000;23;0.300000;0.785678;-289.93;499;False
cafeWorld;1;1;100;0.900000;24;0.300000;0.777821;-163.00;499;False
cafeWorld;1;1;100;0.900000;25;0.300000;0.770043;-212.54;499;False
cafeWorld;1;1;100;0.900000;26;0.300000;0.762343;-245.78;499;False
cafeWorld;1;1;100;0.900000;27;0.300000;0.754719;-219.46;499;False
cafeWorld;1;1;100;0.900000;28;0.300000;0.747172;-169.27;499;False
cafeWorld;1;1;100;0.900000;29;0.300000;0.739700;-93.69;499;False
cafeWorld;1;1;100;0.900000;30;0.300000;0.732303;-167.87;499;False
cafeWorld;1;1;100;0.900000;31;0.300000;0.724980;-199.97;499;False
cafeWorld;1;1;100;0.900000;32;0.300000;0.717731;-113.89;499;False
cafeWorld;1;1;100;0.900000;33;0.300000;0.710553;-163.91;499;False
cafeWorld;1;1;100;0.900000;34;0.300000;0.703448;-141.82;499;False
cafeWorld;1;1;100;0.900000;35;0.300000;0.696413;-250.49;499;False
cafeWorld;1;1;100;0.900000;36;0.300000;0.689449;-130.81;499;False
cafeWorld;1;1;100;0.900000;37;0.300000;0.682555;-211.32;499;False
cafeWorld;1;1;100;0.900000;38;0.300000;0.675729;-161.57;499;False
cafeWorld;1;1;100;0.900000;39;0.300000;0.668972;-217.59;499;False
cafeWorld;1;1;100;0.900000;40;0.300000;0.662282;-190.01;499;False
cafeWorld;1;1;100;0.900000;41;0.300000;0.655659;-186.67;499;False
cafeWorld;1;1;100;0.900000;42;0.300000;0.649103;-195.56;499;False
cafeWorld;1;1;100;0.900000;43;0.300000;0.642612;-197.25;499;False
cafeWorld;1;1;100;0.900000;44;0.300000;0.636185;-152.66;499;False
cafeWorld;1;1;100;0.900000;45;0.300000;0.629824;-205.91;499;False
cafeWorld;1;1;100;0.900000;46;0.300000;0.623525;-148.94;499;False
cafeWorld;1;1;100;0.900000;47;0.300000;0.617290;-207.51;499;False
cafeWorld;1;1;100;0.900000;48;0.300000;0.611117;-145.58;499;False
cafeWorld;1;1;100;0.900000;49;0.300000;0.605006;-181.26;499;False
cafeWorld;1;1;100;0.900000;50;0.300000;0.598956;-107.79;499;False
cafeWorld;1;1;100;0.900000;51;0.300000;0.592966;-187.40;499;False
cafeWorld;1;1;100;0.900000;52;0.300000;0.587037;-134.67;499;False
cafeWorld;1;1;100;0.900000;53;0.300000;0.581166;-71.26;499;False
cafeWorld;1;1;100;0.900000;54;0.300000;0.575355;-142.85;499;False
cafeWorld;1;1;100;0.900000;55;0.300000;0.569601;-133.18;499;False
cafeWorld;1;1;100;0.900000;56;0.300000;0.563905;-143.38;499;False
cafeWorld;1;1;100;0.900000;57;0.300000;0.558266;-139.04;499;False
cafeWorld;1;1;100;0.900000;58;0.300000;0.552683;-197.06;499;False
cafeWorld;1;1;100;0.900000;59;0.300000;0.547157;-185.53;499;False
cafeWorld;1;1;100;0.900000;60;0.300000;0.541685;-72.58;499;False
cafeWorld;1;1;100;0.900000;61;0.300000;0.536268;-151.45;499;False
cafeWorld;1;1;100;0.900000;62;0.300000;0.530906;-139.05;499;False
cafeWorld;1;1;100;0.900000;63;0.300000;0.525596;-145.09;499;False
cafeWorld;1;1;100;0.900000;64;0.300000;0.520341;-97.38;499;False
cafeWorld;1;1;100;0.900000;65;0.300000;0.515137;-81.94;499;False
cafeWorld;1;1;100;0.900000;66;0.300000;0.509986;-91.66;499;False
cafeWorld;1;1;100;0.900000;67;0.300000;0.504886;-108.00;499;False
cafeWorld;1;1;100;0.900000;68;0.300000;0.499837;-147.53;499;False
cafeWorld;1;1;100;0.900000;69;0.300000;0.494839;-88.94;499;False
cafeWorld;1;1;100;0.900000;70;0.300000;0.489890;-109.79;499;False
cafeWorld;1;1;100;0.900000;71;0.300000;0.484991;-115.22;499;False
cafeWorld;1;1;100;0.900000;72;0.300000;0.480141;-166.64;499;False
cafeWorld;1;1;100;0.900000;73;0.300000;0.475340;-128.07;499;False
cafeWorld;1;1;100;0.900000;74;0.300000;0.470587;-131.72;499;False
cafeWorld;1;1;100;0.900000;75;0.300000;0.465881;-77.69;499;False
cafeWorld;1;1;100;0.900000;76;0.300000;0.461222;-94.74;499;False
cafeWorld;1;1;100;0.900000;77;0.300000;0.456610;-153.69;499;False
cafeWorld;1;1;100;0.900000;78;0.300000;0.452044;-105.98;499;False
cafeWorld;1;1;100;0.900000;79;0.300000;0.447523;-274.10;499;False
cafeWorld;1;1;100;0.900000;80;0.300000;0.443048;-124.96;499;False
cafeWorld;1;1;100;0.900000;81;0.300000;0.438618;-118.80;499;False
cafeWorld;1;1;100;0.900000;82;0.300000;0.434231;-121.10;499;False
cafeWorld;1;1;100;0.900000;83;0.300000;0.429889;-73.74;499;False
cafeWorld;1;1;100;0.900000;84;0.300000;0.425590;-209.30;499;False
cafeWorld;1;1;100;0.900000;85;0.300000;0.421334;-165.91;499;False
cafeWorld;1;1;100;0.900000;86;0.300000;0.417121;-77.54;499;False
cafeWorld;1;1;100;0.900000;87;0.300000;0.412950;-109.44;499;False
cafeWorld;1;1;100;0.900000;88;0.300000;0.408820;-130.66;499;False
cafeWorld;1;1;100;0.900000;89;0.300000;0.404732;-166.28;499;False
cafeWorld;1;1;100;0.900000;90;0.300000;0.400685;-85.65;499;False
cafeWorld;1;1;100;0.900000;91;0.300000;0.396678;-108.67;499;False
cafeWorld;1;1;100;0.900000;92;0.300000;0.392711;-175.86;499;False
cafeWorld;1;1;100;0.900000;93;0.300000;0.388784;-73.65;499;False
cafeWorld;1;1;100;0.900000;94;0.300000;0.384896;-101.90;499;False
cafeWorld;1;1;100;0.900000;95;0.300000;0.381047;-101.35;499;False
cafeWorld;1;1;100;0.900000;96;0.300000;0.377237;-134.69;499;False
cafeWorld;1;1;100;0.900000;97;0.300000;0.373464;-101.37;499;False
cafeWorld;1;1;100;0.900000;98;0.300000;0.369730;-76.74;499;False
cafeWorld;1;1;100;0.900000;99;0.300000;0.366032;-69.32;499;False
cafeWorld;1;1;100;0.900000;100;0.300000;0.362372;-128.05;499;False
cafeWorld;1;1;100;0.900000;101;0.300000;0.358748;-71.11;499;False
cafeWorld;1;1;100;0.900000;102;0.300000;0.355161;-114.35;499;False
cafeWorld;1;1;100;0.900000;103;0.300000;0.351609;-180.42;499;False
cafeWorld;1;1;100;0.900000;104;0.300000;0.348093;-133.31;499;False
cafeWorld;1;1;100;0.900000;105;0.300000;0.344612;-94.51;499;False
cafeWorld;1;1;100;0.900000;106;0.300000;0.341166;-96.95;499;False
cafeWorld;1;1;100;0.900000;107;0.300000;0.337754;-158.06;499;False
cafeWorld;1;1;100;0.900000;108;0.300000;0.334377;-108.26;499;False
cafeWorld;1;1;100;0.900000;109;0.300000;0.331033;-78.07;499;False
cafeWorld;1;1;100;0.900000;110;0.300000;0.327723;-121.80;499;False
cafeWorld;1;1;100;0.900000;111;0.300000;0.324446;-44.04;499;False
cafeWorld;1;1;100;0.900000;112;0.300000;0.321201;-96.28;499;False
cafeWorld;1;1;100;0.900000;113;0.300000;0.317989;-87.30;499;False
cafeWorld;1;1;100;0.900000;114;0.300000;0.314809;-56.25;499;False
cafeWorld;1;1;100;0.900000;115;0.300000;0.311661;-141.84;499;False
cafeWorld;1;1;100;0.900000;116;0.300000;0.308544;-74.49;499;False
cafeWorld;1;1;100;0.900000;117;0.300000;0.305459;-73.20;499;False
cafeWorld;1;1;100;0.900000;118;0.300000;0.302404;-91.50;499;False
cafeWorld;1;1;100;0.900000;119;0.300000;0.299380;-36.42;499;False
cafeWorld;1;1;100;0.900000;120;0.300000;0.296387;-142.17;499;False
cafeWorld;1;1;100;0.900000;121;0.300000;0.293423;-66.26;499;False
cafeWorld;1;1;100;0.900000;122;0.300000;0.290488;-158.83;499;False
cafeWorld;1;1;100;0.900000;123;0.300000;0.287584;-75.65;499;False
cafeWorld;1;1;100;0.900000;124;0.300000;0.284708;-76.44;499;False
cafeWorld;1;1;100;0.900000;125;0.300000;0.281861;-40.96;499;False
cafeWorld;1;1;100;0.900000;126;0.300000;0.279042;-103.31;499;False
cafeWorld;1;1;100;0.900000;127;0.300000;0.276252;-118.31;499;False
cafeWorld;1;1;100;0.900000;128;0.300000;0.273489;-131.52;499;False
cafeWorld;1;1;100;0.900000;129;0.300000;0.270754;-52.21;499;False
cafeWorld;1;1;100;0.900000;130;0.300000;0.268047;-33.27;499;False
cafeWorld;1;1;100;0.900000;131;0.300000;0.265366;-137.64;499;False
cafeWorld;1;1;100;0.900000;132;0.300000;0.262713;-80.37;499;False
cafeWorld;1;1;100;0.900000;133;0.300000;0.260085;-114.19;499;False
cafeWorld;1;1;100;0.900000;134;0.300000;0.257485;-46.90;499;False
cafeWorld;1;1;100;0.900000;135;0.300000;0.254910;-51.43;499;False
cafeWorld;1;1;100;0.900000;136;0.300000;0.252361;-53.94;499;False
cafeWorld;1;1;100;0.900000;137;0.300000;0.249837;-109.38;499;False
cafeWorld;1;1;100;0.900000;138;0.300000;0.247339;-81.01;499;False
cafeWorld;1;1;100;0.900000;139;0.300000;0.244865;-149.68;499;False
cafeWorld;1;1;100;0.900000;140;0.300000;0.242417;-51.15;499;False
cafeWorld;1;1;100;0.900000;141;0.300000;0.239992;-28.45;499;False
cafeWorld;1;1;100;0.900000;142;0.300000;0.237593;-101.30;499;False
cafeWorld;1;1;100;0.900000;143;0.300000;0.235217;-67.51;499;False
cafeWorld;1;1;100;0.900000;144;0.300000;0.232864;-64.82;499;False
cafeWorld;1;1;100;0.900000;145;0.300000;0.230536;-83.83;499;False
cafeWorld;1;1;100;0.900000;146;0.300000;0.228230;-52.34;499;False
cafeWorld;1;1;100;0.900000;147;0.300000;0.225948;-33.83;499;False
cafeWorld;1;1;100;0.900000;148;0.300000;0.223689;-44.51;499;False
cafeWorld;1;1;100;0.900000;149;0.300000;0.221452;-100.83;499;False
cafeWorld;1;1;100;0.900000;150;0.300000;0.219237;-126.05;499;False
cafeWorld;1;1;100;0.900000;151;0.300000;0.217045;-52.69;499;False
cafeWorld;1;1;100;0.900000;152;0.300000;0.214874;-124.80;499;False
cafeWorld;1;1;100;0.900000;153;0.300000;0.212726;-66.49;499;False
cafeWorld;1;1;100;0.900000;154;0.300000;0.210598;-35.02;499;False
cafeWorld;1;1;100;0.900000;155;0.300000;0.208492;-46.77;499;False
cafeWorld;1;1;100;0.900000;156;0.300000;0.206408;-66.20;499;False
cafeWorld;1;1;100;0.900000;157;0.300000;0.204343;-55.66;499;False
cafeWorld;1;1;100;0.900000;158;0.300000;0.202300;-77.23;499;False
cafeWorld;1;1;100;0.900000;159;0.300000;0.200277;-90.04;499;False
cafeWorld;1;1;100;0.900000;160;0.300000;0.198274;-26.80;499;False
cafeWorld;1;1;100;0.900000;161;0.300000;0.196292;-120.23;499;False
cafeWorld;1;1;100;0.900000;162;0.300000;0.194329;-51.23;499;False
cafeWorld;1;1;100;0.900000;163;0.300000;0.192385;-72.18;499;False
cafeWorld;1;1;100;0.900000;164;0.300000;0.190461;-35.95;499;False
cafeWorld;1;1;100;0.900000;165;0.300000;0.188557;-87.95;499;False
cafeWorld;1;1;100;0.900000;166;0.300000;0.186671;-60.14;499;False
cafeWorld;1;1;100;0.900000;167;0.300000;0.184805;-95.88;499;False
cafeWorld;1;1;100;0.900000;168;0.300000;0.182957;-48.89;499;False
cafeWorld;1;1;100;0.900000;169;0.300000;0.181127;-77.62;499;False
cafeWorld;1;1;100;0.900000;170;0.300000;0.179316;-38.87;499;False
cafeWorld;1;1;100;0.900000;171;0.300000;0.177523;-82.36;499;False
cafeWorld;1;1;100;0.900000;172;0.300000;0.175747;-57.57;499;False
cafeWorld;1;1;100;0.900000;173;0.300000;0.173990;-50.95;499;False
cafeWorld;1;1;100;0.900000;174;0.300000;0.172250;-44.14;499;False
cafeWorld;1;1;100;0.900000;175;0.300000;0.170527;-137.94;499;False
cafeWorld;1;1;100;0.900000;176;0.300000;0.168822;-36.17;499;False
cafeWorld;1;1;100;0.900000;177;0.300000;0.167134;-39.29;499;False
cafeWorld;1;1;100;0.900000;178;0.300000;0.165463;-63.78;499;False
cafeWorld;1;1;100;0.900000;179;0.300000;0.163808;-26.97;499;False
cafeWorld;1;1;100;0.900000;180;0.300000;0.162170;-22.63;499;False
cafeWorld;1;1;100;0.900000;181;0.300000;0.160548;-109.98;499;False
cafeWorld;1;1;100;0.900000;182;0.300000;0.158943;-21.46;499;False
cafeWorld;1;1;100;0.900000;183;0.300000;0.157353;-67.27;499;False
cafeWorld;1;1;100;0.900000;184;0.300000;0.155780;-58.71;499;False
cafeWorld;1;1;100;0.900000;185;0.300000;0.154222;-70.33;499;False
cafeWorld;1;1;100;0.900000;186;0.300000;0.152680;-72.63;499;False
cafeWorld;1;1;100;0.900000;187;0.300000;0.151153;-21.28;499;False
cafeWorld;1;1;100;0.900000;188;0.300000;0.149641;-90.91;499;False
cafeWorld;1;1;100;0.900000;189;0.300000;0.148145;-27.54;499;False
cafeWorld;1;1;100;0.900000;190;0.300000;0.146664;-32.78;499;False
cafeWorld;1;1;100;0.900000;191;0.300000;0.145197;-23.96;499;False
cafeWorld;1;1;100;0.900000;192;0.300000;0.143745;-59.63;499;False
cafeWorld;1;1;100;0.900000;193;0.300000;0.142307;-48.18;499;False
cafeWorld;1;1;100;0.900000;194;0.300000;0.140884;-41.40;499;False
cafeWorld;1;1;100;0.900000;195;0.300000;0.139476;-94.28;499;False
cafeWorld;1;1;100;0.900000;196;0.300000;0.138081;-64.31;499;False
cafeWorld;1;1;100;0.900000;197;0.300000;0.136700;-30.84;499;False
cafeWorld;1;1;100;0.900000;198;0.300000;0.135333;-67.21;499;False
cafeWorld;1;1;100;0.900000;199;0.300000;0.133980;-54.85;499;False
cafeWorld;1;1;100;0.900000;200;0.300000;0.132640;-61.60;499;False
cafeWorld;1;1;100;0.900000;201;0.300000;0.131313;-65.95;499;False
cafeWorld;1;1;100;0.900000;202;0.300000;0.130000;-23.72;499;False
cafeWorld;1;1;100;0.900000;203;0.300000;0.128700;-39.67;499;False
cafeWorld;1;1;100;0.900000;204;0.300000;0.127413;-62.95;499;False
cafeWorld;1;1;100;0.900000;205;0.300000;0.126139;-55.50;499;False
cafeWorld;1;1;100;0.900000;206;0.300000;0.124878;-50.24;499;False
cafeWorld;1;1;100;0.900000;207;0.300000;0.123629;-45.46;499;False
cafeWorld;1;1;100;0.900000;208;0.300000;0.122393;-36.69;499;False
cafeWorld;1;1;100;0.900000;209;0.300000;0.121169;-37.91;499;False
cafeWorld;1;1;100;0.900000;210;0.300000;0.119957;-34.18;499;False
cafeWorld;1;1;100;0.900000;211;0.300000;0.118758;-23.18;499;False
cafeWorld;1;1;100;0.900000;212;0.300000;0.117570;-59.37;499;False
cafeWorld;1;1;100;0.900000;213;0.300000;0.116394;-50.99;499;False
cafeWorld;1;1;100;0.900000;214;0.300000;0.115230;-86.77;499;False
cafeWorld;1;1;100;0.900000;215;0.300000;0.114078;-61.06;499;False
cafeWorld;1;1;100;0.900000;216;0.300000;0.112937;-95.53;499;False
cafeWorld;1;1;100;0.900000;217;0.300000;0.111808;-50.81;499;False
cafeWorld;1;1;100;0.900000;218;0.300000;0.110690;-70.70;499;False
cafeWorld;1;1;100;0.900000;219;0.300000;0.109583;-55.64;499;False
cafeWorld;1;1;100;0.900000;220;0.300000;0.108487;-51.10;499;False
cafeWorld;1;1;100;0.900000;221;0.300000;0.107402;-26.73;499;False
cafeWorld;1;1;100;0.900000;222;0.300000;0.106328;-22.71;499;False
cafeWorld;1;1;100;0.900000;223;0.300000;0.105265;-96.03;499;False
cafeWorld;1;1;100;0.900000;224;0.300000;0.104212;-81.15;499;False
cafeWorld;1;1;100;0.900000;225;0.300000;0.103170;-30.29;499;False
cafeWorld;1;1;100;0.900000;226;0.300000;0.102138;-54.30;499;False
cafeWorld;1;1;100;0.900000;227;0.300000;0.101117;-21.79;499;False
cafeWorld;1;1;100;0.900000;228;0.300000;0.100106;-38.64;499;False
cafeWorld;1;1;100;0.900000;229;0.300000;0.099105;-31.09;499;False
cafeWorld;1;1;100;0.900000;230;0.300000;0.098114;-53.14;499;False
cafeWorld;1;1;100;0.900000;231;0.300000;0.097133;-65.74;499;False
cafeWorld;1;1;100;0.900000;232;0.300000;0.096161;-51.81;499;False
cafeWorld;1;1;100;0.900000;233;0.300000;0.095200;-20.50;499;False
cafeWorld;1;1;100;0.900000;234;0.300000;0.094248;-41.32;499;False
cafeWorld;1;1;100;0.900000;235;0.300000;0.093305;-21.67;499;False
cafeWorld;1;1;100;0.900000;236;0.300000;0.092372;-20.03;499;False
cafeWorld;1;1;100;0.900000;237;0.300000;0.091448;-41.51;499;False
cafeWorld;1;1;100;0.900000;238;0.300000;0.090534;-29.33;499;False
cafeWorld;1;1;100;0.900000;239;0.300000;0.089629;-37.08;499;False
cafeWorld;1;1;100;0.900000;240;0.300000;0.088732;-99.87;499;False
cafeWorld;1;1;100;0.900000;241;0.300000;0.087845;-35.11;499;False
cafeWorld;1;1;100;0.900000;242;0.300000;0.086967;-27.81;499;False
cafeWorld;1;1;100;0.900000;243;0.300000;0.086097;-20.05;499;False
cafeWorld;1;1;100;0.900000;244;0.300000;0.085236;-33.12;499;False
cafeWorld;1;1;100;0.900000;245;0.300000;0.084384;-40.31;499;False
cafeWorld;1;1;100;0.900000;246;0.300000;0.083540;-24.99;499;False
cafeWorld;1;1;100;0.900000;247;0.300000;0.082704;-25.10;499;False
cafeWorld;1;1;100;0.900000;248;0.300000;0.081877;-35.78;499;False
cafeWorld;1;1;100;0.900000;249;0.300000;0.081059;-32.98;499;False
cafeWorld;1;1;100;0.900000;250;0.300000;0.080248;-20.65;499;False
cafeWorld;1;1;100;0.900000;251;0.300000;0.079445;-37.95;499;False
cafeWorld;1;1;100;0.900000;252;0.300000;0.078651;-82.50;499;False
cafeWorld;1;1;100;0.900000;253;0.300000;0.077864;-87.59;499;False
cafeWorld;1;1;100;0.900000;254;0.300000;0.077086;-23.66;499;False
cafeWorld;1;1;100;0.900000;255;0.300000;0.076315;-28.32;499;False
cafeWorld;1;1;100;0.900000;256;0.300000;0.075552;-48.53;499;False
cafeWorld;1;1;100;0.900000;257;0.300000;0.074796;-45.40;499;False
cafeWorld;1;1;100;0.900000;258;0.300000;0.074048;-25.50;499;False
cafeWorld;1;1;100;0.900000;259;0.300000;0.073308;-30.21;499;False
cafeWorld;1;1;100;0.900000;260;0.300000;0.072575;-60.83;499;False
cafeWorld;1;1;100;0.900000;261;0.300000;0.071849;-22.77;499;False
cafeWorld;1;1;100;0.900000;262;0.300000;0.071131;-20.21;499;False
cafeWorld;1;1;100;0.900000;263;0.300000;0.070419;-27.83;499;False
cafeWorld;1;1;100;0.900000;264;0.300000;0.069715;-51.06;499;False
cafeWorld;1;1;100;0.900000;265;0.300000;0.069018;-37.96;499;False
cafeWorld;1;1;100;0.900000;266;0.300000;0.068328;-20.09;499;False
cafeWorld;1;1;100;0.900000;267;0.300000;0.067644;-40.46;499;False
cafeWorld;1;1;100;0.900000;268;0.300000;0.066968;-46.11;499;False
cafeWorld;1;1;100;0.900000;269;0.300000;0.066298;-58.42;499;False
cafeWorld;1;1;100;0.900000;270;0.300000;0.065635;-24.92;499;False
cafeWorld;1;1;100;0.900000;271;0.300000;0.064979;-25.65;499;False
cafeWorld;1;1;100;0.900000;272;0.300000;0.064329;-19.81;499;False
cafeWorld;1;1;100;0.900000;273;0.300000;0.063686;-70.41;499;False
cafeWorld;1;1;100;0.900000;274;0.300000;0.063049;-20.64;499;False
cafeWorld;1;1;100;0.900000;275;0.300000;0.062419;-22.19;499;False
cafeWorld;1;1;100;0.900000;276;0.300000;0.061794;-29.53;499;False
cafeWorld;1;1;100;0.900000;277;0.300000;0.061176;-36.03;499;False
cafeWorld;1;1;100;0.900000;278;0.300000;0.060565;-37.60;499;False
cafeWorld;1;1;100;0.900000;279;0.300000;0.059959;-23.15;499;False
cafeWorld;1;1;100;0.900000;280;0.300000;0.059359;-57.62;499;False
cafeWorld;1;1;100;0.900000;281;0.300000;0.058766;-42.95;499;False
cafeWorld;1;1;100;0.900000;282;0.300000;0.058178;-27.31;499;False
cafeWorld;1;1;100;0.900000;283;0.300000;0.057596;-30.00;499;False
cafeWorld;1;1;100;0.900000;284;0.300000;0.057020;-25.21;499;False
cafeWorld;1;1;100;0.900000;285;0.300000;0.056450;-52.88;499;False
cafeWorld;1;1;100;0.900000;286;0.300000;0.055886;-28.19;499;False
cafeWorld;1;1;100;0.900000;287;0.300000;0.055327;-19.70;499;False
cafeWorld;1;1;100;0.900000;288;0.300000;0.054774;-45.35;499;False
cafeWorld;1;1;100;0.900000;289;0.300000;0.054226;-19.27;499;False
cafeWorld;1;1;100;0.900000;290;0.300000;0.053684;-20.85;499;False
cafeWorld;1;1;100;0.900000;291;0.300000;0.053147;-26.57;499;False
cafeWorld;1;1;100;0.900000;292;0.300000;0.052615;-19.59;499;False
cafeWorld;1;1;100;0.900000;293;0.300000;0.052089;-33.92;499;False
cafeWorld;1;1;100;0.900000;294;0.300000;0.051568;-20.53;499;False
cafeWorld;1;1;100;0.900000;295;0.300000;0.051053;-19.92;499;False
cafeWorld;1;1;100;0.900000;296;0.300000;0.050542;-19.28;499;False
cafeWorld;1;1;100;0.900000;297;0.300000;0.050037;-19.22;499;False
cafeWorld;1;1;100;0.900000;298;0.300000;0.049536;-26.58;499;False
cafeWorld;1;1;100;0.900000;299;0.300000;0.049041;-57.70;499;False
cafeWorld;1;1;100;0.900000;300;0.300000;0.048550;-21.34;499;False
cafeWorld;1;1;100;0.900000;301;0.300000;0.048065;-67.54;499;False
cafeWorld;1;1;100;0.900000;302;0.300000;0.047584;-19.35;499;False
cafeWorld;1;1;100;0.900000;303;0.300000;0.047108;-20.29;499;False
cafeWorld;1;1;100;0.900000;304;0.300000;0.046637;-19.15;499;False
cafeWorld;1;1;100;0.900000;305;0.300000;0.046171;-19.28;499;False
cafeWorld;1;1;100;0.900000;306;0.300000;0.045709;-21.02;499;False
cafeWorld;1;1;100;0.900000;307;0.300000;0.045252;-48.64;499;False
cafeWorld;1;1;100;0.900000;308;0.300000;0.044800;-25.72;499;False
cafeWorld;1;1;100;0.900000;309;0.300000;0.044352;-23.24;499;False
cafeWorld;1;1;100;0.900000;310;0.300000;0.043908;-32.84;499;False
cafeWorld;1;1;100;0.900000;311;0.300000;0.043469;-43.44;499;False
cafeWorld;1;1;100;0.900000;312;0.300000;0.043034;-19.82;499;False
cafeWorld;1;1;100;0.900000;313;0.300000;0.042604;-56.65;499;False
cafeWorld;1;1;100;0.900000;314;0.300000;0.042178;-19.20;499;False
cafeWorld;1;1;100;0.900000;315;0.300000;0.041756;-39.93;499;False
cafeWorld;1;1;100;0.900000;316;0.300000;0.041339;-19.06;499;False
cafeWorld;1;1;100;0.900000;317;0.300000;0.040925;-19.38;499;False
cafeWorld;1;1;100;0.900000;318;0.300000;0.040516;-26.61;499;False
cafeWorld;1;1;100;0.900000;319;0.300000;0.040111;-51.20;499;False
cafeWorld;1;1;100;0.900000;320;0.300000;0.039710;-19.05;499;False
cafeWorld;1;1;100;0.900000;321;0.300000;0.039313;-19.05;499;False
cafeWorld;1;1;100;0.900000;322;0.300000;0.038920;-22.37;499;False
cafeWorld;1;1;100;0.900000;323;0.300000;0.038530;-35.97;499;False
cafeWorld;1;1;100;0.900000;324;0.300000;0.038145;-21.54;499;False
cafeWorld;1;1;100;0.900000;325;0.300000;0.037764;-32.69;499;False
cafeWorld;1;1;100;0.900000;326;0.300000;0.037386;-20.68;499;False
cafeWorld;1;1;100;0.900000;327;0.300000;0.037012;-27.26;499;False
cafeWorld;1;1;100;0.900000;328;0.300000;0.036642;-21.24;499;False
cafeWorld;1;1;100;0.900000;329;0.300000;0.036276;-22.10;499;False
cafeWorld;1;1;100;0.900000;330;0.300000;0.035913;-19.29;499;False
cafeWorld;1;1;100;0.900000;331;0.300000;0.035554;-39.71;499;False
cafeWorld;1;1;100;0.900000;332;0.300000;0.035198;-44.13;499;False
cafeWorld;1;1;100;0.900000;333;0.300000;0.034846;-67.72;499;False
cafeWorld;1;1;100;0.900000;334;0.300000;0.034498;-19.05;499;False
cafeWorld;1;1;100;0.900000;335;0.300000;0.034153;-28.96;499;False
cafeWorld;1;1;100;0.900000;336;0.300000;0.033811;-30.46;499;False
cafeWorld;1;1;100;0.900000;337;0.300000;0.033473;-20.28;499;False
cafeWorld;1;1;100;0.900000;338;0.300000;0.033138;-19.06;499;False
cafeWorld;1;1;100;0.900000;339;0.300000;0.032807;-47.50;499;False
cafeWorld;1;1;100;0.900000;340;0.300000;0.032479;-19.38;499;False
cafeWorld;1;1;100;0.900000;341;0.300000;0.032154;-20.97;499;False
cafeWorld;1;1;100;0.900000;342;0.300000;0.031833;-30.40;499;False
cafeWorld;1;1;100;0.900000;343;0.300000;0.031514;-19.38;499;False
cafeWorld;1;1;100;0.900000;344;0.300000;0.031199;-22.70;499;False
cafeWorld;1;1;100;0.900000;345;0.300000;0.030887;-19.92;499;False
cafeWorld;1;1;100;0.900000;346;0.300000;0.030578;-27.10;499;False
cafeWorld;1;1;100;0.900000;347;0.300000;0.030272;-103.29;499;False
cafeWorld;1;1;100;0.900000;348;0.300000;0.029970;-31.52;499;False
cafeWorld;1;1;100;0.900000;349;0.300000;0.029670;-28.96;499;False
cafeWorld;1;1;100;0.900000;350;0.300000;0.029373;-20.73;499;False
cafeWorld;1;1;100;0.900000;351;0.300000;0.029080;-19.28;499;False
cafeWorld;1;1;100;0.900000;352;0.300000;0.028789;-19.35;499;False
cafeWorld;1;1;100;0.900000;353;0.300000;0.028501;-21.73;499;False
cafeWorld;1;1;100;0.900000;354;0.300000;0.028216;-29.01;499;False
cafeWorld;1;1;100;0.900000;355;0.300000;0.027934;-65.06;499;False
cafeWorld;1;1;100;0.900000;356;0.300000;0.027654;-42.13;499;False
cafeWorld;1;1;100;0.900000;357;0.300000;0.027378;-19.06;499;False
cafeWorld;1;1;100;0.900000;358;0.300000;0.027104;-58.46;499;False
cafeWorld;1;1;100;0.900000;359;0.300000;0.026833;-19.06;499;False
cafeWorld;1;1;100;0.900000;360;0.300000;0.026565;-26.46;499;False
cafeWorld;1;1;100;0.900000;361;0.300000;0.026299;-46.96;499;False
cafeWorld;1;1;100;0.900000;362;0.300000;0.026036;-20.94;499;False
cafeWorld;1;1;100;0.900000;363;0.300000;0.025776;-66.28;499;False
cafeWorld;1;1;100;0.900000;364;0.300000;0.025518;-19.07;499;False
cafeWorld;1;1;100;0.900000;365;0.300000;0.025263;-42.31;499;False
cafeWorld;1;1;100;0.900000;366;0.300000;0.025010;-19.05;499;False
cafeWorld;1;1;100;0.900000;367;0.300000;0.024760;-19.08;499;False
cafeWorld;1;1;100;0.900000;368;0.300000;0.024512;-67.66;499;False
cafeWorld;1;1;100;0.900000;369;0.300000;0.024267;-19.06;499;False
cafeWorld;1;1;100;0.900000;370;0.300000;0.024025;-19.57;499;False
cafeWorld;1;1;100;0.900000;371;0.300000;0.023784;-32.25;499;False
cafeWorld;1;1;100;0.900000;372;0.300000;0.023547;-20.58;499;False
cafeWorld;1;1;100;0.900000;373;0.300000;0.023311;-19.06;499;False
cafeWorld;1;1;100;0.900000;374;0.300000;0.023078;-19.67;499;False
cafeWorld;1;1;100;0.900000;375;0.300000;0.022847;-42.67;465;True
cafeWorld;1;1;100;0.900000;376;0.300000;0.022619;-21.05;499;False
cafeWorld;1;1;100;0.900000;377;0.300000;0.022393;-19.08;499;False
cafeWorld;1;1;100;0.900000;378;0.300000;0.022169;-20.04;263;True
cafeWorld;1;1;100;0.900000;379;0.300000;0.021947;-19.05;499;False
cafeWorld;1;1;100;0.900000;380;0.300000;0.021727;-19.05;499;False
cafeWorld;1;1;100;0.900000;381;0.300000;0.021510;-19.05;499;False
cafeWorld;1;1;100;0.900000;382;0.300000;0.021295;-19.05;499;False
cafeWorld;1;1;100;0.900000;383;0.300000;0.021082;-19.05;499;False
cafeWorld;1;1;100;0.900000;384;0.300000;0.020871;-24.90;499;False
cafeWorld;1;1;100;0.900000;385;0.300000;0.020663;-50.80;499;False
cafeWorld;1;1;100;0.900000;386;0.300000;0.020456;-23.79;499;False
cafeWorld;1;1;100;0.900000;387;0.300000;0.020251;-19.78;499;False
cafeWorld;1;1;100;0.900000;388;0.300000;0.020049;-21.19;447;True
cafeWorld;1;1;100;0.900000;389;0.300000;0.019848;-20.16;499;False
cafeWorld;1;1;100;0.900000;390;0.300000;0.019650;-20.43;499;False
cafeWorld;1;1;100;0.900000;391;0.300000;0.019453;-63.21;499;False
cafeWorld;1;1;100;0.900000;392;0.300000;0.019259;-19.21;499;False
cafeWorld;1;1;100;0.900000;393;0.300000;0.019066;-19.06;499;False
cafeWorld;1;1;100;0.900000;394;0.300000;0.018876;-22.07;342;True
cafeWorld;1;1;100;0.900000;395;0.300000;0.018687;-19.09;178;True
cafeWorld;1;1;100;0.900000;396;0.300000;0.018500;-19.08;447;True
cafeWorld;1;1;100;0.900000;397;0.300000;0.018315;-19.09;499;False
cafeWorld;1;1;100;0.900000;398;0.300000;0.018132;-20.97;376;True
cafeWorld;1;1;100;0.900000;399;0.300000;0.017951;-19.05;343;True
cafeWorld;1;1;100;0.900000;400;0.300000;0.017771;-20.02;215;True
cafeWorld;1;1;100;0.900000;401;0.300000;0.017593;-19.17;224;True
cafeWorld;1;1;100;0.900000;402;0.300000;0.017417;-19.05;265;True
cafeWorld;1;1;100;0.900000;403;0.300000;0.017243;-47.40;186;True
cafeWorld;1;1;100;0.900000;404;0.300000;0.017071;-19.05;281;True
cafeWorld;1;1;100;0.900000;405;0.300000;0.016900;-20.62;499;False
cafeWorld;1;1;100;0.900000;406;0.300000;0.016731;-19.69;143;True
cafeWorld;1;1;100;0.900000;407;0.300000;0.016564;-19.05;499;False
cafeWorld;1;1;100;0.900000;408;0.300000;0.016398;-19.07;143;True
cafeWorld;1;1;100;0.900000;409;0.300000;0.016234;-19.06;136;True
cafeWorld;1;1;100;0.900000;410;0.300000;0.016072;-19.05;209;True
cafeWorld;1;1;100;0.900000;411;0.300000;0.015911;-19.05;159;True
cafeWorld;1;1;100;0.900000;412;0.300000;0.015752;-19.33;143;True
cafeWorld;1;1;100;0.900000;413;0.300000;0.015594;-31.35;146;True
cafeWorld;1;1;100;0.900000;414;0.300000;0.015439;-28.06;137;True
cafeWorld;1;1;100;0.900000;415;0.300000;0.015284;-19.58;123;True
cafeWorld;1;1;100;0.900000;416;0.300000;0.015131;-19.05;123;True
cafeWorld;1;1;100;0.900000;417;0.300000;0.014980;-19.05;123;True
cafeWorld;1;1;100;0.900000;418;0.300000;0.014830;-19.12;123;True
cafeWorld;1;1;100;0.900000;419;0.300000;0.014682;-19.05;123;True
cafeWorld;1;1;100;0.900000;420;0.300000;0.014535;-19.11;123;True
cafeWorld;1;1;100;0.900000;421;0.300000;0.014390;-19.05;123;True
cafeWorld;1;1;100;0.900000;422;0.300000;0.014246;-19.39;123;True
cafeWorld;1;1;100;0.900000;423;0.300000;0.014103;-33.40;130;True
cafeWorld;1;1;100;0.900000;424;0.300000;0.013962;-19.27;123;True
cafeWorld;1;1;100;0.900000;425;0.300000;0.013823;-21.40;130;True
cafeWorld;1;1;100;0.900000;426;0.300000;0.013684;-19.08;131;True
cafeWorld;1;1;100;0.900000;427;0.300000;0.013548;-19.05;123;True
cafeWorld;1;1;100;0.900000;428;0.300000;0.013412;-19.05;123;True
cafeWorld;1;1;100;0.900000;429;0.300000;0.013278;-19.05;123;True
cafeWorld;1;1;100;0.900000;430;0.300000;0.013145;-47.39;123;True
cafeWorld;1;1;100;0.900000;431;0.300000;0.013014;-67.75;130;True
cafeWorld;1;1;100;0.900000;432;0.300000;0.012884;-24.03;123;True
cafeWorld;1;1;100;0.900000;433;0.300000;0.012755;-19.05;123;True
cafeWorld;1;1;100;0.900000;434;0.300000;0.012627;-53.52;131;True
cafeWorld;1;1;100;0.900000;435;0.300000;0.012501;-19.08;123;True
cafeWorld;1;1;100;0.900000;436;0.300000;0.012376;-20.39;123;True
cafeWorld;1;1;100;0.900000;437;0.300000;0.012252;-19.05;123;True
cafeWorld;1;1;100;0.900000;438;0.300000;0.012130;-28.95;123;True
cafeWorld;1;1;100;0.900000;439;0.300000;0.012008;-22.50;123;True
cafeWorld;1;1;100;0.900000;440;0.300000;0.011888;-35.87;123;True
cafeWorld;1;1;100;0.900000;441;0.300000;0.011769;-19.05;123;True
cafeWorld;1;1;100;0.900000;442;0.300000;0.011652;-28.93;123;True
cafeWorld;1;1;100;0.900000;443;0.300000;0.011535;-19.05;123;True
cafeWorld;1;1;100;0.900000;444;0.300000;0.011420;-19.05;123;True
cafeWorld;1;1;100;0.900000;445;0.300000;0.011306;-20.49;159;True
cafeWorld;1;1;100;0.900000;446;0.300000;0.011193;-19.41;130;True
cafeWorld;1;1;100;0.900000;447;0.300000;0.011081;-24.97;124;True
cafeWorld;1;1;100;0.900000;448;0.300000;0.010970;-19.05;124;True
cafeWorld;1;1;100;0.900000;449;0.300000;0.010860;-19.57;123;True
cafeWorld;1;1;100;0.900000;450;0.300000;0.010752;-24.64;131;True
cafeWorld;1;1;100;0.900000;451;0.300000;0.010644;-19.05;124;True
cafeWorld;1;1;100;0.900000;452;0.300000;0.010538;-19.08;130;True
cafeWorld;1;1;100;0.900000;453;0.300000;0.010432;-19.05;123;True
cafeWorld;1;1;100;0.900000;454;0.300000;0.010328;-19.99;123;True
cafeWorld;1;1;100;0.900000;455;0.300000;0.010225;-19.05;123;True
cafeWorld;1;1;100;0.900000;456;0.300000;0.010122;-19.05;123;True
cafeWorld;1;1;100;0.900000;457;0.300000;0.010021;-19.40;124;True
cafeWorld;1;1;100;0.900000;458;0.300000;0.010000;-19.05;123;True
cafeWorld;1;1;100;0.900000;459;0.300000;0.010000;-19.05;123;True
cafeWorld;1;1;100;0.900000;460;0.300000;0.010000;-19.05;123;True
cafeWorld;1;1;100;0.900000;461;0.300000;0.010000;-19.05;123;True
cafeWorld;1;1;100;0.900000;462;0.300000;0.010000;-19.05;128;True
cafeWorld;1;1;100;0.900000;463;0.300000;0.010000;-19.05;123;True
cafeWorld;1;1;100;0.900000;464;0.300000;0.010000;-23.36;123;True
cafeWorld;1;1;100;0.900000;465;0.300000;0.010000;-19.08;130;True
cafeWorld;1;1;100;0.900000;466;0.300000;0.010000;-18.98;123;True
cafeWorld;1;1;100;0.900000;467;0.300000;0.010000;-19.05;123;True
cafeWorld;1;1;100;0.900000;468;0.300000;0.010000;-22.24;123;True
cafeWorld;1;1;100;0.900000;469;0.300000;0.010000;-27.96;123;True
cafeWorld;1;1;100;0.900000;470;0.300000;0.010000;-22.00;131;True
cafeWorld;1;1;100;0.900000;471;0.300000;0.010000;-19.66;136;True
cafeWorld;1;1;100;0.900000;472;0.300000;0.010000;-19.25;123;True
cafeWorld;1;1;100;0.900000;473;0.300000;0.010000;-37.64;123;True
cafeWorld;1;1;100;0.900000;474;0.300000;0.010000;-31.00;123;True
cafeWorld;1;1;100;0.900000;475;0.300000;0.010000;-19.18;123;True
cafeWorld;1;1;100;0.900000;476;0.300000;0.010000;-19.05;123;True
cafeWorld;1;1;100;0.900000;477;0.300000;0.010000;-39.83;124;True
cafeWorld;1;1;100;0.900000;478;0.300000;0.010000;-19.43;123;True
cafeWorld;1;1;100;0.900000;479;0.300000;0.010000;-19.05;123;True
cafeWorld;1;1;100;0.900000;480;0.300000;0.010000;-19.08;123;True
cafeWorld;1;1;100;0.900000;481;0.300000;0.010000;-19.05;123;True
cafeWorld;1;1;100;0.900000;482;0.300000;0.010000;-19.05;124;True
cafeWorld;1;1;100;0.900000;483;0.300000;0.010000;-19.32;123;True
cafeWorld;1;1;100;0.900000;484;0.300000;0.010000;-19.12;123;True
cafeWorld;1;1;100;0.900000;485;0.300000;0.010000;-19.09;123;True
cafeWorld;1;1;100;0.900000;486;0.300000;0.010000;-34.19;128;True
cafeWorld;1;1;100;0.900000;487;0.300000;0.010000;-19.31;133;True
cafeWorld;1;1;100;0.900000;488;0.300000;0.010000;-19.08;123;True
cafeWorld;1;1;100;0.900000;489;0.300000;0.010000;-19.65;124;True
cafeWorld;1;1;100;0.900000;490;0.300000;0.010000;-21.75;123;True
cafeWorld;1;1;100;0.900000;491;0.300000;0.010000;-20.42;123;True
cafeWorld;1;1;100;0.900000;492;0.300000;0.010000;-19.55;123;True
cafeWorld;1;1;100;0.900000;493;0.300000;0.010000;-19.05;123;True
cafeWorld;1;1;100;0.900000;494;0.300000;0.010000;-20.70;124;True
cafeWorld;1;1;100;0.900000;495;0.300000;0.010000;-19.05;123;True
cafeWorld;1;1;100;0.900000;496;0.300000;0.010000;-19.08;123;True
cafeWorld;1;1;100;0.900000;497;0.300000;0.010000;-19.07;123;True
cafeWorld;1;1;100;0.900000;498;0.300000;0.010000;-19.35;123;True
cafeWorld;1;1;100;0.900000;499;0.300000;0.010000;-19.57;131;True
bookWorld;1;1;100;0.900000;0;0.300000;0.990000;-207.31;499;False
bookWorld;1;1;100;0.900000;1;0.300000;0.980100;-234.04;499;False
bookWorld;1;1;100;0.900000;2;0.300000;0.970299;-265.77;499;False
bookWorld;1;1;100;0.900000;3;0.300000;0.960596;-246.35;499;False
bookWorld;1;1;100;0.900000;4;0.300000;0.950990;-231.28;499;False
bookWorld;1;1;100;0.900000;5;0.300000;0.941480;-270.19;499;False
bookWorld;1;1;100;0.900000;6;0.300000;0.932065;-278.83;499;False
bookWorld;1;1;100;0.900000;7;0.300000;0.922745;-167.22;499;False
bookWorld;1;1;100;0.900000;8;0.300000;0.913517;-279.77;499;False
bookWorld;1;1;100;0.900000;9;0.300000;0.904382;-261.86;499;False
bookWorld;1;1;100;0.900000;10;0.300000;0.895338;-230.68;499;False
bookWorld;1;1;100;0.900000;11;0.300000;0.886385;-228.08;499;False
bookWorld;1;1;100;0.900000;12;0.300000;0.877521;-183.02;499;False
bookWorld;1;1;100;0.900000;13;0.300000;0.868746;-222.73;499;False
bookWorld;1;1;100;0.900000;14;0.300000;0.860058;-151.22;499;False
bookWorld;1;1;100;0.900000;15;0.300000;0.851458;-174.29;499;False
bookWorld;1;1;100;0.900000;16;0.300000;0.842943;-231.42;499;False
bookWorld;1;1;100;0.900000;17;0.300000;0.834514;-249.73;499;False
bookWorld;1;1;100;0.900000;18;0.300000;0.826169;-219.82;499;False
bookWorld;1;1;100;0.900000;19;0.300000;0.817907;-330.43;499;False
bookWorld;1;1;100;0.900000;20;0.300000;0.809728;-198.53;499;False
bookWorld;1;1;100;0.900000;21;0.300000;0.801631;-232.82;499;False
bookWorld;1;1;100;0.900000;22;0.300000;0.793614;-193.30;499;False
bookWorld;1;1;100;0.900000;23;0.300000;0.785678;-259.42;499;False
bookWorld;1;1;100;0.900000;24;0.300000;0.777821;-124.34;499;False
bookWorld;1;1;100;0.900000;25;0.300000;0.770043;-228.57;499;False
bookWorld;1;1;100;0.900000;26;0.300000;0.762343;-259.61;499;False
bookWorld;1;1;100;0.900000;27;0.300000;0.754719;-235.28;499;False
bookWorld;1;1;100;0.900000;28;0.300000;0.747172;-200.85;499;False
bookWorld;1;1;100;0.900000;29;0.300000;0.739700;-195.36;499;False
bookWorld;1;1;100;0.900000;30;0.300000;0.732303;-195.65;499;False
bookWorld;1;1;100;0.900000;31;0.300000;0.724980;-235.12;499;False
bookWorld;1;1;100;0.900000;32;0.300000;0.717731;-197.93;499;False
bookWorld;1;1;100;0.900000;33;0.300000;0.710553;-140.57;499;False
bookWorld;1;1;100;0.900000;34;0.300000;0.703448;-170.91;499;False
bookWorld;1;1;100;0.900000;35;0.300000;0.696413;-270.33;499;False
bookWorld;1;1;100;0.900000;36;0.300000;0.689449;-181.04;499;False
bookWorld;1;1;100;0.900000;37;0.300000;0.682555;-120.99;499;False
bookWorld;1;1;100;0.900000;38;0.300000;0.675729;-152.33;499;False
bookWorld;1;1;100;0.900000;39;0.300000;0.668972;-198.01;499;False
bookWorld;1;1;100;0.900000;40;0.300000;0.662282;-135.20;499;False
bookWorld;1;1;100;0.900000;41;0.300000;0.655659;-169.33;499;False
bookWorld;1;1;100;0.900000;42;0.300000;0.649103;-152.50;499;False
bookWorld;1;1;100;0.900000;43;0.300000;0.642612;-192.36;499;False
bookWorld;1;1;100;0.900000;44;0.300000;0.636185;-109.49;499;False
bookWorld;1;1;100;0.900000;45;0.300000;0.629824;-197.59;499;False
bookWorld;1;1;100;0.900000;46;0.300000;0.623525;-113.23;499;False
bookWorld;1;1;100;0.900000;47;0.300000;0.617290;-128.33;499;False
bookWorld;1;1;100;0.900000;48;0.300000;0.611117;-166.99;499;False
bookWorld;1;1;100;0.900000;49;0.300000;0.605006;-136.32;499;False
bookWorld;1;1;100;0.900000;50;0.300000;0.598956;-110.53;499;False
bookWorld;1;1;100;0.900000;51;0.300000;0.592966;-139.23;499;False
bookWorld;1;1;100;0.900000;52;0.300000;0.587037;-100.54;499;False
bookWorld;1;1;100;0.900000;53;0.300000;0.581166;-160.98;499;False
bookWorld;1;1;100;0.900000;54;0.300000;0.575355;-87.15;499;False
bookWorld;1;1;100;0.900000;55;0.300000;0.569601;-148.12;499;False
bookWorld;1;1;100;0.900000;56;0.300000;0.563905;-131.40;499;False
bookWorld;1;1;100;0.900000;57;0.300000;0.558266;-163.63;499;False
bookWorld;1;1;100;0.900000;58;0.300000;0.552683;-131.43;499;False
bookWorld;1;1;100;0.900000;59;0.300000;0.547157;-115.02;499;False
bookWorld;1;1;100;0.900000;60;0.300000;0.541685;-86.29;499;False
bookWorld;1;1;100;0.900000;61;0.300000;0.536268;-138.41;499;False
bookWorld;1;1;100;0.900000;62;0.300000;0.530906;-158.82;499;False
bookWorld;1;1;100;0.900000;63;0.300000;0.525596;-11.37;499;False
bookWorld;1;1;100;0.900000;64;0.300000;0.520341;-204.03;499;False
bookWorld;1;1;100;0.900000;65;0.300000;0.515137;-165.00;499;False
bookWorld;1;1;100;0.900000;66;0.300000;0.509986;-121.13;499;False
bookWorld;1;1;100;0.900000;67;0.300000;0.504886;-201.50;499;False
bookWorld;1;1;100;0.900000;68;0.300000;0.499837;-137.61;499;False
bookWorld;1;1;100;0.900000;69;0.300000;0.494839;-34.97;499;False
bookWorld;1;1;100;0.900000;70;0.300000;0.489890;-169.99;499;False
bookWorld;1;1;100;0.900000;71;0.300000;0.484991;-113.56;499;False
bookWorld;1;1;100;0.900000;72;0.300000;0.480141;-104.92;499;False
bookWorld;1;1;100;0.900000;73;0.300000;0.475340;-61.80;499;False
bookWorld;1;1;100;0.900000;74;0.300000;0.470587;-241.38;499;False
bookWorld;1;1;100;0.900000;75;0.300000;0.465881;-84.49;499;False
bookWorld;1;1;100;0.900000;76;0.300000;0.461222;-80.14;499;False
bookWorld;1;1;100;0.900000;77;0.300000;0.456610;-137.70;499;False
bookWorld;1;1;100;0.900000;78;0.300000;0.452044;-57.11;499;False
bookWorld;1;1;100;0.900000;79;0.300000;0.447523;-78.52;499;False
bookWorld;1;1;100;0.900000;80;0.300000;0.443048;-30.03;499;False
bookWorld;1;1;100;0.900000;81;0.300000;0.438618;-143.41;499;False
bookWorld;1;1;100;0.900000;82;0.300000;0.434231;-122.63;499;False
bookWorld;1;1;100;0.900000;83;0.300000;0.429889;-90.35;499;False
bookWorld;1;1;100;0.900000;84;0.300000;0.425590;-93.96;499;False
bookWorld;1;1;100;0.900000;85;0.300000;0.421334;-224.07;499;False
bookWorld;1;1;100;0.900000;86;0.300000;0.417121;-68.81;499;False
bookWorld;1;1;100;0.900000;87;0.300000;0.412950;-23.37;499;False
bookWorld;1;1;100;0.900000;88;0.300000;0.408820;-25.03;499;False
bookWorld;1;1;100;0.900000;89;0.300000;0.404732;-7.23;499;False
bookWorld;1;1;100;0.900000;90;0.300000;0.400685;-170.40;499;False
bookWorld;1;1;100;0.900000;91;0.300000;0.396678;-22.31;499;False
bookWorld;1;1;100;0.900000;92;0.300000;0.392711;-22.41;499;False
bookWorld;1;1;100;0.900000;93;0.300000;0.388784;-104.91;499;False
bookWorld;1;1;100;0.900000;94;0.300000;0.384896;-44.22;499;False
bookWorld;1;1;100;0.900000;95;0.300000;0.381047;-38.70;499;False
bookWorld;1;1;100;0.900000;96;0.300000;0.377237;-80.65;499;False
bookWorld;1;1;100;0.900000;97;0.300000;0.373464;-101.30;499;False
bookWorld;1;1;100;0.900000;98;0.300000;0.369730;15.59;499;False
bookWorld;1;1;100;0.900000;99;0.300000;0.366032;-50.39;499;False
bookWorld;1;1;100;0.900000;100;0.300000;0.362372;-63.67;499;False
bookWorld;1;1;100;0.900000;101;0.300000;0.358748;-75.46;499;False
bookWorld;1;1;100;0.900000;102;0.300000;0.355161;-154.36;499;False
bookWorld;1;1;100;0.900000;103;0.300000;0.351609;-121.40;499;False
bookWorld;1;1;100;0.900000;104;0.300000;0.348093;-142.72;499;False
bookWorld;1;1;100;0.900000;105;0.300000;0.344612;-79.55;499;False
bookWorld;1;1;100;0.900000;106;0.300000;0.341166;-25.92;499;False
bookWorld;1;1;100;0.900000;107;0.300000;0.337754;-23.65;499;False
bookWorld;1;1;100;0.900000;108;0.300000;0.334377;-197.28;499;False
bookWorld;1;1;100;0.900000;109;0.300000;0.331033;-47.76;499;False
bookWorld;1;1;100;0.900000;110;0.300000;0.327723;-109.70;499;False
bookWorld;1;1;100;0.900000;111;0.300000;0.324446;-38.40;499;False
bookWorld;1;1;100;0.900000;112;0.300000;0.321201;-72.81;499;False
bookWorld;1;1;100;0.900000;113;0.300000;0.317989;-30.99;499;False
bookWorld;1;1;100;0.900000;114;0.300000;0.314809;-42.14;499;False
bookWorld;1;1;100;0.900000;115;0.300000;0.311661;-134.56;499;False
bookWorld;1;1;100;0.900000;116;0.300000;0.308544;-24.79;499;False
bookWorld;1;1;100;0.900000;117;0.300000;0.305459;-80.16;499;False
bookWorld;1;1;100;0.900000;118;0.300000;0.302404;-54.83;499;False
bookWorld;1;1;100;0.900000;119;0.300000;0.299380;-56.93;499;False
bookWorld;1;1;100;0.900000;120;0.300000;0.296387;-62.63;499;False
bookWorld;1;1;100;0.900000;121;0.300000;0.293423;-85.66;499;False
bookWorld;1;1;100;0.900000;122;0.300000;0.290488;-84.37;499;False
bookWorld;1;1;100;0.900000;123;0.300000;0.287584;28.57;499;False
bookWorld;1;1;100;0.900000;124;0.300000;0.284708;-9.07;499;False
bookWorld;1;1;100;0.900000;125;0.300000;0.281861;-8.27;499;False
bookWorld;1;1;100;0.900000;126;0.300000;0.279042;-54.05;499;False
bookWorld;1;1;100;0.900000;127;0.300000;0.276252;-57.21;499;False
bookWorld;1;1;100;0.900000;128;0.300000;0.273489;2.18;499;False
bookWorld;1;1;100;0.900000;129;0.300000;0.270754;27.19;499;False
bookWorld;1;1;100;0.900000;130;0.300000;0.268047;-55.03;499;False
bookWorld;1;1;100;0.900000;131;0.300000;0.265366;-24.67;499;False
bookWorld;1;1;100;0.900000;132;0.300000;0.262713;-137.64;499;False
bookWorld;1;1;100;0.900000;133;0.300000;0.260085;-88.66;499;False
bookWorld;1;1;100;0.900000;134;0.300000;0.257485;-89.98;499;False
bookWorld;1;1;100;0.900000;135;0.300000;0.254910;-32.46;499;False
bookWorld;1;1;100;0.900000;136;0.300000;0.252361;-118.19;499;False
bookWorld;1;1;100;0.900000;137;0.300000;0.249837;2.66;499;False
bookWorld;1;1;100;0.900000;138;0.300000;0.247339;-21.28;499;False
bookWorld;1;1;100;0.900000;139;0.300000;0.244865;-56.80;499;False
bookWorld;1;1;100;0.900000;140;0.300000;0.242417;33.45;499;False
bookWorld;1;1;100;0.900000;141;0.300000;0.239992;-16.09;499;False
bookWorld;1;1;100;0.900000;142;0.300000;0.237593;-29.17;499;False
bookWorld;1;1;100;0.900000;143;0.300000;0.235217;-69.91;499;False
bookWorld;1;1;100;0.900000;144;0.300000;0.232864;10.76;499;False
bookWorld;1;1;100;0.900000;145;0.300000;0.230536;11.27;499;False
bookWorld;1;1;100;0.900000;146;0.300000;0.228230;-42.99;499;False
bookWorld;1;1;100;0.900000;147;0.300000;0.225948;-30.59;499;False
bookWorld;1;1;100;0.900000;148;0.300000;0.223689;-96.08;499;False
bookWorld;1;1;100;0.900000;149;0.300000;0.221452;-16.05;499;False
bookWorld;1;1;100;0.900000;150;0.300000;0.219237;38.92;499;False
bookWorld;1;1;100;0.900000;151;0.300000;0.217045;-21.67;499;False
bookWorld;1;1;100;0.900000;152;0.300000;0.214874;1.35;499;False
bookWorld;1;1;100;0.900000;153;0.300000;0.212726;25.30;499;False
bookWorld;1;1;100;0.900000;154;0.300000;0.210598;-46.68;499;False
bookWorld;1;1;100;0.900000;155;0.300000;0.208492;-78.73;499;False
bookWorld;1;1;100;0.900000;156;0.300000;0.206408;-8.47;499;False
bookWorld;1;1;100;0.900000;157;0.300000;0.204343;-29.19;499;False
bookWorld;1;1;100;0.900000;158;0.300000;0.202300;-29.48;499;False
bookWorld;1;1;100;0.900000;159;0.300000;0.200277;-14.21;499;False
bookWorld;1;1;100;0.900000;160;0.300000;0.198274;-8.42;499;False
bookWorld;1;1;100;0.900000;161;0.300000;0.196292;-78.90;499;False
bookWorld;1;1;100;0.900000;162;0.300000;0.194329;-94.66;499;False
bookWorld;1;1;100;0.900000;163;0.300000;0.192385;-32.84;499;False
bookWorld;1;1;100;0.900000;164;0.300000;0.190461;7.04;499;False
bookWorld;1;1;100;0.900000;165;0.300000;0.188557;-70.25;499;False
bookWorld;1;1;100;0.900000;166;0.300000;0.186671;-8.07;499;False
bookWorld;1;1;100;0.900000;167;0.300000;0.184805;-8.62;499;False
bookWorld;1;1;100;0.900000;168;0.300000;0.182957;-29.18;499;False
bookWorld;1;1;100;0.900000;169;0.300000;0.181127;41.53;499;False
bookWorld;1;1;100;0.900000;170;0.300000;0.179316;-72.00;499;False
bookWorld;1;1;100;0.900000;171;0.300000;0.177523;-8.01;499;False
bookWorld;1;1;100;0.900000;172;0.300000;0.175747;-10.87;499;False
bookWorld;1;1;100;0.900000;173;0.300000;0.173990;-18.08;499;False
bookWorld;1;1;100;0.900000;174;0.300000;0.172250;24.79;499;False
bookWorld;1;1;100;0.900000;175;0.300000;0.170527;-18.61;499;False
bookWorld;1;1;100;0.900000;176;0.300000;0.168822;26.81;499;False
bookWorld;1;1;100;0.900000;177;0.300000;0.167134;29.46;499;False
bookWorld;1;1;100;0.900000;178;0.300000;0.165463;28.86;499;False
bookWorld;1;1;100;0.900000;179;0.300000;0.163808;28.04;499;False
bookWorld;1;1;100;0.900000;180;0.300000;0.162170;4.63;499;False
bookWorld;1;1;100;0.900000;181;0.300000;0.160548;-21.11;499;False
bookWorld;1;1;100;0.900000;182;0.300000;0.158943;20.30;499;False
bookWorld;1;1;100;0.900000;183;0.300000;0.157353;12.89;499;False
bookWorld;1;1;100;0.900000;184;0.300000;0.155780;-42.55;499;False
bookWorld;1;1;100;0.900000;185;0.300000;0.154222;30.90;499;False
bookWorld;1;1;100;0.900000;186;0.300000;0.152680;-24.00;499;False
bookWorld;1;1;100;0.900000;187;0.300000;0.151153;-12.04;499;False
bookWorld;1;1;100;0.900000;188;0.300000;0.149641;9.32;499;False
bookWorld;1;1;100;0.900000;189;0.300000;0.148145;36.31;499;False
bookWorld;1;1;100;0.900000;190;0.300000;0.146664;-10.65;499;False
bookWorld;1;1;100;0.900000;191;0.300000;0.145197;-31.78;499;False
bookWorld;1;1;100;0.900000;192;0.300000;0.143745;-2.32;499;False
bookWorld;1;1;100;0.900000;193;0.300000;0.142307;33.55;499;False
bookWorld;1;1;100;0.900000;194;0.300000;0.140884;-16.39;499;False
bookWorld;1;1;100;0.900000;195;0.300000;0.139476;32.14;499;False
bookWorld;1;1;100;0.900000;196;0.300000;0.138081;7.39;499;False
bookWorld;1;1;100;0.900000;197;0.300000;0.136700;36.41;499;False
bookWorld;1;1;100;0.900000;198;0.300000;0.135333;-14.24;499;False
bookWorld;1;1;100;0.900000;199;0.300000;0.133980;3.80;499;False
bookWorld;1;1;100;0.900000;200;0.300000;0.132640;15.41;499;False
bookWorld;1;1;100;0.900000;201;0.300000;0.131313;27.31;499;False
bookWorld;1;1;100;0.900000;202;0.300000;0.130000;-38.43;499;False
bookWorld;1;1;100;0.900000;203;0.300000;0.128700;24.09;499;False
bookWorld;1;1;100;0.900000;204;0.300000;0.127413;24.65;499;False
bookWorld;1;1;100;0.900000;205;0.300000;0.126139;19.01;499;False
bookWorld;1;1;100;0.900000;206;0.300000;0.124878;-10.82;499;False
bookWorld;1;1;100;0.900000;207;0.300000;0.123629;3.46;499;False
bookWorld;1;1;100;0.900000;208;0.300000;0.122393;1.89;499;False
bookWorld;1;1;100;0.900000;209;0.300000;0.121169;9.54;499;False
bookWorld;1;1;100;0.900000;210;0.300000;0.119957;33.09;499;False
bookWorld;1;1;100;0.900000;211;0.300000;0.118758;-2.86;499;False
bookWorld;1;1;100;0.900000;212;0.300000;0.117570;-27.35;499;False
bookWorld;1;1;100;0.900000;213;0.300000;0.116394;-24.76;499;False
bookWorld;1;1;100;0.900000;214;0.300000;0.115230;-34.00;499;False
bookWorld;1;1;100;0.900000;215;0.300000;0.114078;29.80;499;False
bookWorld;1;1;100;0.900000;216;0.300000;0.112937;16.87;499;False
bookWorld;1;1;100;0.900000;217;0.300000;0.111808;1.51;499;False
bookWorld;1;1;100;0.900000;218;0.300000;0.110690;31.98;499;False
bookWorld;1;1;100;0.900000;219;0.300000;0.109583;14.06;499;False
bookWorld;1;1;100;0.900000;220;0.300000;0.108487;10.82;499;False
bookWorld;1;1;100;0.900000;221;0.300000;0.107402;41.80;499;False
bookWorld;1;1;100;0.900000;222;0.300000;0.106328;23.83;499;False
bookWorld;1;1;100;0.900000;223;0.300000;0.105265;37.44;499;False
bookWorld;1;1;100;0.900000;224;0.300000;0.104212;31.25;499;False
bookWorld;1;1;100;0.900000;225;0.300000;0.103170;17.95;499;False
bookWorld;1;1;100;0.900000;226;0.300000;0.102138;1.72;499;False
bookWorld;1;1;100;0.900000;227;0.300000;0.101117;34.77;499;False
bookWorld;1;1;100;0.900000;228;0.300000;0.100106;35.52;499;False
bookWorld;1;1;100;0.900000;229;0.300000;0.099105;-10.96;499;False
bookWorld;1;1;100;0.900000;230;0.300000;0.098114;21.31;499;False
bookWorld;1;1;100;0.900000;231;0.300000;0.097133;34.87;499;False
bookWorld;1;1;100;0.900000;232;0.300000;0.096161;-3.96;499;False
bookWorld;1;1;100;0.900000;233;0.300000;0.095200;41.89;499;False
bookWorld;1;1;100;0.900000;234;0.300000;0.094248;-1.48;499;False
bookWorld;1;1;100;0.900000;235;0.300000;0.093305;38.97;499;False
bookWorld;1;1;100;0.900000;236;0.300000;0.092372;-36.62;499;False
bookWorld;1;1;100;0.900000;237;0.300000;0.091448;15.38;499;False
bookWorld;1;1;100;0.900000;238;0.300000;0.090534;14.02;499;False
bookWorld;1;1;100;0.900000;239;0.300000;0.089629;19.76;499;False
bookWorld;1;1;100;0.900000;240;0.300000;0.088732;6.66;499;False
bookWorld;1;1;100;0.900000;241;0.300000;0.087845;27.71;499;False
bookWorld;1;1;100;0.900000;242;0.300000;0.086967;34.40;499;False
bookWorld;1;1;100;0.900000;243;0.300000;0.086097;34.49;499;False
bookWorld;1;1;100;0.900000;244;0.300000;0.085236;15.85;499;False
bookWorld;1;1;100;0.900000;245;0.300000;0.084384;29.68;499;False
bookWorld;1;1;100;0.900000;246;0.300000;0.083540;16.17;499;False
bookWorld;1;1;100;0.900000;247;0.300000;0.082704;11.90;499;False
bookWorld;1;1;100;0.900000;248;0.300000;0.081877;38.90;499;False
bookWorld;1;1;100;0.900000;249;0.300000;0.081059;-107.12;499;False
bookWorld;1;1;100;0.900000;250;0.300000;0.080248;31.11;499;False
bookWorld;1;1;100;0.900000;251;0.300000;0.079445;8.16;499;False
bookWorld;1;1;100;0.900000;252;0.300000;0.078651;-2.57;499;False
bookWorld;1;1;100;0.900000;253;0.300000;0.077864;-12.86;499;False
bookWorld;1;1;100;0.900000;254;0.300000;0.077086;4.38;499;False
bookWorld;1;1;100;0.900000;255;0.300000;0.076315;20.94;499;False
bookWorld;1;1;100;0.900000;256;0.300000;0.075552;36.34;499;False
bookWorld;1;1;100;0.900000;257;0.300000;0.074796;3.81;499;False
bookWorld;1;1;100;0.900000;258;0.300000;0.074048;11.55;499;False
bookWorld;1;1;100;0.900000;259;0.300000;0.073308;20.98;499;False
bookWorld;1;1;100;0.900000;260;0.300000;0.072575;2.14;499;False
bookWorld;1;1;100;0.900000;261;0.300000;0.071849;22.30;499;False
bookWorld;1;1;100;0.900000;262;0.300000;0.071131;18.11;499;False
bookWorld;1;1;100;0.900000;263;0.300000;0.070419;-19.28;499;False
bookWorld;1;1;100;0.900000;264;0.300000;0.069715;41.78;499;False
bookWorld;1;1;100;0.900000;265;0.300000;0.069018;-10.40;499;False
bookWorld;1;1;100;0.900000;266;0.300000;0.068328;9.27;499;False
bookWorld;1;1;100;0.900000;267;0.300000;0.067644;0.56;499;False
bookWorld;1;1;100;0.900000;268;0.300000;0.066968;8.98;499;False
bookWorld;1;1;100;0.900000;269;0.300000;0.066298;41.00;499;False
bookWorld;1;1;100;0.900000;270;0.300000;0.065635;6.44;499;False
bookWorld;1;1;100;0.900000;271;0.300000;0.064979;42.09;499;False
bookWorld;1;1;100;0.900000;272;0.300000;0.064329;18.12;499;False
bookWorld;1;1;100;0.900000;273;0.300000;0.063686;25.06;499;False
bookWorld;1;1;100;0.900000;274;0.300000;0.063049;42.04;499;False
bookWorld;1;1;100;0.900000;275;0.300000;0.062419;38.71;499;False
bookWorld;1;1;100;0.900000;276;0.300000;0.061794;41.74;499;False
bookWorld;1;1;100;0.900000;277;0.300000;0.061176;25.01;499;False
bookWorld;1;1;100;0.900000;278;0.300000;0.060565;42.16;499;False
bookWorld;1;1;100;0.900000;279;0.300000;0.059959;42.24;499;False
bookWorld;1;1;100;0.900000;280;0.300000;0.059359;40.50;499;False
bookWorld;1;1;100;0.900000;281;0.300000;0.058766;25.69;499;False
bookWorld;1;1;100;0.900000;282;0.300000;0.058178;-22.48;499;False
bookWorld;1;1;100;0.900000;283;0.300000;0.057596;37.26;499;False
bookWorld;1;1;100;0.900000;284;0.300000;0.057020;-6.52;499;False
bookWorld;1;1;100;0.900000;285;0.300000;0.056450;23.66;499;False
bookWorld;1;1;100;0.900000;286;0.300000;0.055886;-38.59;499;False
bookWorld;1;1;100;0.900000;287;0.300000;0.055327;24.53;499;False
bookWorld;1;1;100;0.900000;288;0.300000;0.054774;41.84;499;False
bookWorld;1;1;100;0.900000;289;0.300000;0.054226;-3.03;499;False
bookWorld;1;1;100;0.900000;290;0.300000;0.053684;-13.10;499;False
bookWorld;1;1;100;0.900000;291;0.300000;0.053147;-5.35;499;False
bookWorld;1;1;100;0.900000;292;0.300000;0.052615;-24.20;499;False
bookWorld;1;1;100;0.900000;293;0.300000;0.052089;31.98;499;False
bookWorld;1;1;100;0.900000;294;0.300000;0.051568;38.32;499;False
bookWorld;1;1;100;0.900000;295;0.300000;0.051053;40.04;499;False
bookWorld;1;1;100;0.900000;296;0.300000;0.050542;-15.59;499;False
bookWorld;1;1;100;0.900000;297;0.300000;0.050037;40.81;499;False
bookWorld;1;1;100;0.900000;298;0.300000;0.049536;42.30;499;False
bookWorld;1;1;100;0.900000;299;0.300000;0.049041;40.70;499;False
bookWorld;1;1;100;0.900000;300;0.300000;0.048550;16.68;499;False
bookWorld;1;1;100;0.900000;301;0.300000;0.048065;18.96;499;False
bookWorld;1;1;100;0.900000;302;0.300000;0.047584;41.16;499;False
bookWorld;1;1;100;0.900000;303;0.300000;0.047108;42.30;499;False
bookWorld;1;1;100;0.900000;304;0.300000;0.046637;40.60;499;False
bookWorld;1;1;100;0.900000;305;0.300000;0.046171;40.46;499;False
bookWorld;1;1;100;0.900000;306;0.300000;0.045709;42.30;499;False
bookWorld;1;1;100;0.900000;307;0.300000;0.045252;18.47;499;False
bookWorld;1;1;100;0.900000;308;0.300000;0.044800;-3.88;499;False
bookWorld;1;1;100;0.900000;309;0.300000;0.044352;9.41;499;False
bookWorld;1;1;100;0.900000;310;0.300000;0.043908;37.36;499;False
bookWorld;1;1;100;0.900000;311;0.300000;0.043469;17.99;499;False
bookWorld;1;1;100;0.900000;312;0.300000;0.043034;39.93;499;False
bookWorld;1;1;100;0.900000;313;0.300000;0.042604;31.30;499;False
bookWorld;1;1;100;0.900000;314;0.300000;0.042178;42.29;499;False
bookWorld;1;1;100;0.900000;315;0.300000;0.041756;-6.10;499;False
bookWorld;1;1;100;0.900000;316;0.300000;0.041339;41.55;499;False
bookWorld;1;1;100;0.900000;317;0.300000;0.040925;39.25;499;False
bookWorld;1;1;100;0.900000;318;0.300000;0.040516;20.44;499;False
bookWorld;1;1;100;0.900000;319;0.300000;0.040111;42.26;499;False
bookWorld;1;1;100;0.900000;320;0.300000;0.039710;18.30;499;False
bookWorld;1;1;100;0.900000;321;0.300000;0.039313;43.93;499;False
bookWorld;1;1;100;0.900000;322;0.300000;0.038920;9.66;499;False
bookWorld;1;1;100;0.900000;323;0.300000;0.038530;42.30;499;False
bookWorld;1;1;100;0.900000;324;0.300000;0.038145;39.79;499;False
bookWorld;1;1;100;0.900000;325;0.300000;0.037764;-41.72;499;False
bookWorld;1;1;100;0.900000;326;0.300000;0.037386;40.67;499;False
bookWorld;1;1;100;0.900000;327;0.300000;0.037012;28.81;499;False
bookWorld;1;1;100;0.900000;328;0.300000;0.036642;41.48;499;False
bookWorld;1;1;100;0.900000;329;0.300000;0.036276;25.32;499;False
bookWorld;1;1;100;0.900000;330;0.300000;0.035913;0.55;499;False
bookWorld;1;1;100;0.900000;331;0.300000;0.035554;41.69;499;False
bookWorld;1;1;100;0.900000;332;0.300000;0.035198;25.27;499;False
bookWorld;1;1;100;0.900000;333;0.300000;0.034846;42.30;499;False
bookWorld;1;1;100;0.900000;334;0.300000;0.034498;41.60;499;False
bookWorld;1;1;100;0.900000;335;0.300000;0.034153;29.13;499;False
bookWorld;1;1;100;0.900000;336;0.300000;0.033811;38.85;499;False
bookWorld;1;1;100;0.900000;337;0.300000;0.033473;42.08;499;False
bookWorld;1;1;100;0.900000;338;0.300000;0.033138;20.28;499;False
bookWorld;1;1;100;0.900000;339;0.300000;0.032807;40.00;499;False
bookWorld;1;1;100;0.900000;340;0.300000;0.032479;40.97;499;False
bookWorld;1;1;100;0.900000;341;0.300000;0.032154;42.30;499;False
bookWorld;1;1;100;0.900000;342;0.300000;0.031833;40.78;499;False
bookWorld;1;1;100;0.900000;343;0.300000;0.031514;42.30;499;False
bookWorld;1;1;100;0.900000;344;0.300000;0.031199;35.21;499;False
bookWorld;1;1;100;0.900000;345;0.300000;0.030887;41.97;499;False
bookWorld;1;1;100;0.900000;346;0.300000;0.030578;42.30;499;False
bookWorld;1;1;100;0.900000;347;0.300000;0.030272;39.84;499;False
bookWorld;1;1;100;0.900000;348;0.300000;0.029970;42.30;499;False
bookWorld;1;1;100;0.900000;349;0.300000;0.029670;42.30;499;False
bookWorld;1;1;100;0.900000;350;0.300000;0.029373;42.30;499;False
bookWorld;1;1;100;0.900000;351;0.300000;0.029080;41.74;499;False
bookWorld;1;1;100;0.900000;352;0.300000;0.028789;42.30;499;False
bookWorld;1;1;100;0.900000;353;0.300000;0.028501;35.79;499;False
bookWorld;1;1;100;0.900000;354;0.300000;0.028216;24.69;499;False
bookWorld;1;1;100;0.900000;355;0.300000;0.027934;19.24;499;False
bookWorld;1;1;100;0.900000;356;0.300000;0.027654;42.30;499;False
bookWorld;1;1;100;0.900000;357;0.300000;0.027378;42.21;499;False
bookWorld;1;1;100;0.900000;358;0.300000;0.027104;21.64;499;False
bookWorld;1;1;100;0.900000;359;0.300000;0.026833;41.10;499;False
bookWorld;1;1;100;0.900000;360;0.300000;0.026565;39.65;499;False
bookWorld;1;1;100;0.900000;361;0.300000;0.026299;41.50;499;False
bookWorld;1;1;100;0.900000;362;0.300000;0.026036;23.71;499;False
bookWorld;1;1;100;0.900000;363;0.300000;0.025776;31.32;499;False
bookWorld;1;1;100;0.900000;364;0.300000;0.025518;42.14;499;False
bookWorld;1;1;100;0.900000;365;0.300000;0.025263;42.29;499;False
bookWorld;1;1;100;0.900000;366;0.300000;0.025010;21.48;499;False
bookWorld;1;1;100;0.900000;367;0.300000;0.024760;41.07;499;False
bookWorld;1;1;100;0.900000;368;0.300000;0.024512;42.31;499;False
bookWorld;1;1;100;0.900000;369;0.300000;0.024267;4.12;499;False
bookWorld;1;1;100;0.900000;370;0.300000;0.024025;42.13;499;False
bookWorld;1;1;100;0.900000;371;0.300000;0.023784;40.47;499;False
bookWorld;1;1;100;0.900000;372;0.300000;0.023547;42.31;499;False
bookWorld;1;1;100;0.900000;373;0.300000;0.023311;16.92;499;False
bookWorld;1;1;100;0.900000;374;0.300000;0.023078;40.97;499;False
bookWorld;1;1;100;0.900000;375;0.300000;0.022847;-2.81;499;False
bookWorld;1;1;100;0.900000;376;0.300000;0.022619;42.31;499;False
bookWorld;1;1;100;0.900000;377;0.300000;0.022393;21.64;499;False
bookWorld;1;1;100;0.900000;378;0.300000;0.022169;32.51;499;False
bookWorld;1;1;100;0.900000;379;0.300000;0.021947;42.31;499;False
bookWorld;1;1;100;0.900000;380;0.300000;0.021727;42.31;499;False
bookWorld;1;1;100;0.900000;381;0.300000;0.021510;42.31;499;False
bookWorld;1;1;100;0.900000;382;0.300000;0.021295;37.04;499;False
bookWorld;1;1;100;0.900000;383;0.300000;0.021082;42.27;499;False
bookWorld;1;1;100;0.900000;384;0.300000;0.020871;42.16;499;False
bookWorld;1;1;100;0.900000;385;0.300000;0.020663;40.28;499;False
bookWorld;1;1;100;0.900000;386;0.300000;0.020456;42.24;499;False
bookWorld;1;1;100;0.900000;387;0.300000;0.020251;42.31;499;False
bookWorld;1;1;100;0.900000;388;0.300000;0.020049;42.31;499;False
bookWorld;1;1;100;0.900000;389;0.300000;0.019848;42.01;499;False
bookWorld;1;1;100;0.900000;390;0.300000;0.019650;42.16;499;False
bookWorld;1;1;100;0.900000;391;0.300000;0.019453;42.02;499;False
bookWorld;1;1;100;0.900000;392;0.300000;0.019259;38.86;499;False
bookWorld;1;1;100;0.900000;393;0.300000;0.019066;38.84;499;False
bookWorld;1;1;100;0.900000;394;0.300000;0.018876;35.81;499;False
bookWorld;1;1;100;0.900000;395;0.300000;0.018687;42.31;499;False
bookWorld;1;1;100;0.900000;396;0.300000;0.018500;40.95;499;False
bookWorld;1;1;100;0.900000;397;0.300000;0.018315;40.27;499;False
bookWorld;1;1;100;0.900000;398;0.300000;0.018132;41.88;499;False
bookWorld;1;1;100;0.900000;399;0.300000;0.017951;42.30;499;False
bookWorld;1;1;100;0.900000;400;0.300000;0.017771;42.25;499;False
bookWorld;1;1;100;0.900000;401;0.300000;0.017593;42.31;499;False
bookWorld;1;1;100;0.900000;402;0.300000;0.017417;41.22;499;False
bookWorld;1;1;100;0.900000;403;0.300000;0.017243;-3.56;499;False
bookWorld;1;1;100;0.900000;404;0.300000;0.017071;-4.39;499;False
bookWorld;1;1;100;0.900000;405;0.300000;0.016900;41.99;499;False
bookWorld;1;1;100;0.900000;406;0.300000;0.016731;42.21;499;False
bookWorld;1;1;100;0.900000;407;0.300000;0.016564;42.22;499;False
bookWorld;1;1;100;0.900000;408;0.300000;0.016398;42.06;499;False
bookWorld;1;1;100;0.900000;409;0.300000;0.016234;38.47;499;False
bookWorld;1;1;100;0.900000;410;0.300000;0.016072;42.10;499;False
bookWorld;1;1;100;0.900000;411;0.300000;0.015911;42.27;499;False
bookWorld;1;1;100;0.900000;412;0.300000;0.015752;42.29;499;False
bookWorld;1;1;100;0.900000;413;0.300000;0.015594;42.31;499;False
bookWorld;1;1;100;0.900000;414;0.300000;0.015439;42.31;499;False
bookWorld;1;1;100;0.900000;415;0.300000;0.015284;35.81;499;False
bookWorld;1;1;100;0.900000;416;0.300000;0.015131;-13.01;499;False
bookWorld;1;1;100;0.900000;417;0.300000;0.014980;0.84;499;False
bookWorld;1;1;100;0.900000;418;0.300000;0.014830;25.49;499;False
bookWorld;1;1;100;0.900000;419;0.300000;0.014682;42.30;499;False
bookWorld;1;1;100;0.900000;420;0.300000;0.014535;42.30;499;False
bookWorld;1;1;100;0.900000;421;0.300000;0.014390;42.30;499;False
bookWorld;1;1;100;0.900000;422;0.300000;0.014246;40.96;499;False
bookWorld;1;1;100;0.900000;423;0.300000;0.014103;39.10;499;False
bookWorld;1;1;100;0.900000;424;0.300000;0.013962;41.79;499;False
bookWorld;1;1;100;0.900000;425;0.300000;0.013823;42.31;499;False
bookWorld;1;1;100;0.900000;426;0.300000;0.013684;41.10;499;False
bookWorld;1;1;100;0.900000;427;0.300000;0.013548;42.31;499;False
bookWorld;1;1;100;0.900000;428;0.300000;0.013412;42.30;499;False
bookWorld;1;1;100;0.900000;429;0.300000;0.013278;42.30;499;False
bookWorld;1;1;100;0.900000;430;0.300000;0.013145;42.20;499;False
bookWorld;1;1;100;0.900000;431;0.300000;0.013014;38.77;499;False
bookWorld;1;1;100;0.900000;432;0.300000;0.012884;38.91;499;False
bookWorld;1;1;100;0.900000;433;0.300000;0.012755;42.31;499;False
bookWorld;1;1;100;0.900000;434;0.300000;0.012627;41.11;499;False
bookWorld;1;1;100;0.900000;435;0.300000;0.012501;41.92;499;False
bookWorld;1;1;100;0.900000;436;0.300000;0.012376;41.26;499;False
bookWorld;1;1;100;0.900000;437;0.300000;0.012252;42.30;499;False
bookWorld;1;1;100;0.900000;438;0.300000;0.012130;25.85;499;False
bookWorld;1;1;100;0.900000;439;0.300000;0.012008;40.79;499;False
bookWorld;1;1;100;0.900000;440;0.300000;0.011888;42.31;499;False
bookWorld;1;1;100;0.900000;441;0.300000;0.011769;42.30;499;False
bookWorld;1;1;100;0.900000;442;0.300000;0.011652;42.31;499;False
bookWorld;1;1;100;0.900000;443;0.300000;0.011535;42.31;499;False
bookWorld;1;1;100;0.900000;444;0.300000;0.011420;42.25;499;False
bookWorld;1;1;100;0.900000;445;0.300000;0.011306;42.31;499;False
bookWorld;1;1;100;0.900000;446;0.300000;0.011193;42.31;499;False
bookWorld;1;1;100;0.900000;447;0.300000;0.011081;42.31;499;False
bookWorld;1;1;100;0.900000;448;0.300000;0.010970;42.31;499;False
bookWorld;1;1;100;0.900000;449;0.300000;0.010860;42.29;499;False
bookWorld;1;1;100;0.900000;450;0.300000;0.010752;35.54;499;False
bookWorld;1;1;100;0.900000;451;0.300000;0.010644;42.11;499;False
bookWorld;1;1;100;0.900000;452;0.300000;0.010538;28.72;499;False
bookWorld;1;1;100;0.900000;453;0.300000;0.010432;42.31;499;False
bookWorld;1;1;100;0.900000;454;0.300000;0.010328;42.30;499;False
bookWorld;1;1;100;0.900000;455;0.300000;0.010225;42.22;499;False
bookWorld;1;1;100;0.900000;456;0.300000;0.010122;42.31;499;False
bookWorld;1;1;100;0.900000;457;0.300000;0.010021;38.04;499;False
bookWorld;1;1;100;0.900000;458;0.300000;0.010000;42.30;499;False
bookWorld;1;1;100;0.900000;459;0.300000;0.010000;42.31;499;False
bookWorld;1;1;100;0.900000;460;0.300000;0.010000;42.31;499;False
bookWorld;1;1;100;0.900000;461;0.300000;0.010000;42.12;499;False
bookWorld;1;1;100;0.900000;462;0.300000;0.010000;33.96;499;False
bookWorld;1;1;100;0.900000;463;0.300000;0.010000;42.31;499;False
bookWorld;1;1;100;0.900000;464;0.300000;0.010000;42.31;499;False
bookWorld;1;1;100;0.900000;465;0.300000;0.010000;42.29;499;False
bookWorld;1;1;100;0.900000;466;0.300000;0.010000;42.16;499;False
bookWorld;1;1;100;0.900000;467;0.300000;0.010000;42.31;499;False
bookWorld;1;1;100;0.900000;468;0.300000;0.010000;27.98;499;False
bookWorld;1;1;100;0.900000;469;0.300000;0.010000;42.31;499;False
bookWorld;1;1;100;0.900000;470;0.300000;0.010000;42.30;499;False
bookWorld;1;1;100;0.900000;471;0.300000;0.010000;42.31;499;False
bookWorld;1;1;100;0.900000;472;0.300000;0.010000;42.28;499;False
bookWorld;1;1;100;0.900000;473;0.300000;0.010000;42.31;499;False
bookWorld;1;1;100;0.900000;474;0.300000;0.010000;42.31;499;False
bookWorld;1;1;100;0.900000;475;0.300000;0.010000;33.39;499;False
bookWorld;1;1;100;0.900000;476;0.300000;0.010000;42.30;499;False
bookWorld;1;1;100;0.900000;477;0.300000;0.010000;38.81;499;False
bookWorld;1;1;100;0.900000;478;0.300000;0.010000;42.25;499;False
bookWorld;1;1;100;0.900000;479;0.300000;0.010000;42.30;499;False
bookWorld;1;1;100;0.900000;480;0.300000;0.010000;42.30;499;False
bookWorld;1;1;100;0.900000;481;0.300000;0.010000;41.89;499;False
bookWorld;1;1;100;0.900000;482;0.300000;0.010000;42.31;499;False
bookWorld;1;1;100;0.900000;483;0.300000;0.010000;35.81;499;False
bookWorld;1;1;100;0.900000;484;0.300000;0.010000;42.29;499;False
bookWorld;1;1;100;0.900000;485;0.300000;0.010000;42.30;499;False
bookWorld;1;1;100;0.900000;486;0.300000;0.010000;40.43;499;False
bookWorld;1;1;100;0.900000;487;0.300000;0.010000;37.04;499;False
bookWorld;1;1;100;0.900000;488;0.300000;0.010000;42.30;499;False
bookWorld;1;1;100;0.900000;489;0.300000;0.010000;38.85;499;False
bookWorld;1;1;100;0.900000;490;0.300000;0.010000;42.29;499;False
bookWorld;1;1;100;0.900000;491;0.300000;0.010000;42.30;499;False
bookWorld;1;1;100;0.900000;492;0.300000;0.010000;42.00;499;False
bookWorld;1;1;100;0.900000;493;0.300000;0.010000;42.00;499;False
bookWorld;1;1;100;0.900000;494;0.300000;0.010000;42.31;499;False
bookWorld;1;1;100;0.900000;495;0.300000;0.010000;42.31;499;False
bookWorld;1;1;100;0.900000;496;0.300000;0.010000;42.31;499;False
bookWorld;1;1;100;0.900000;497;0.300000;0.010000;42.31;499;False
bookWorld;1;1;100;0.900000;498;0.300000;0.010000;42.31;499;False
bookWorld;1;1;100;0.900000;499;0.300000;0.010000;42.25;499;False
